candidate,fold_idx,train_start,train_end,test_start,test_end,chosen_params,oos_pf,oos_avg_trade_pct,oos_trades,oos_return_pct,oos_maxdd_pct
supertrend::fixed,0,,,2022-01-01,2022-06-30,"{""st_period"": 20, ""st_multiplier"": 3.0}",1.1395314842445474,0.1347899526861207,22,-0.32333567084560366,-11.40757100645594
supertrend::fixed,1,,,2022-07-01,2022-12-31,"{""st_period"": 20, ""st_multiplier"": 3.0}",1.7611605517472606,1.0070184813484984,22,17.447873756179465,-11.536334212111555
supertrend::fixed,2,,,2023-01-01,2023-06-30,"{""st_period"": 20, ""st_multiplier"": 3.0}",1.3126353808357447,0.3780369562006891,18,5.85801923208471,-8.85052879208229
supertrend::fixed,3,,,2023-07-01,2023-12-31,"{""st_period"": 20, ""st_multiplier"": 3.0}",0.5305819819523189,-0.7148128225093475,21,-11.348826646739141,-13.36439237394763
supertrend::fixed,4,,,2024-01-01,2024-06-30,"{""st_period"": 20, ""st_multiplier"": 3.0}",2.0900552601142626,1.422511384916847,20,24.023168744602508,-10.063095164972403
supertrend::fixed,5,,,2024-07-01,2024-12-31,"{""st_period"": 20, ""st_multiplier"": 3.0}",0.7740466805231229,-0.4309435408864526,26,-4.654066538652724,-14.145916166771965
supertrend::fixed,6,,,2025-01-01,2025-06-30,"{""st_period"": 20, ""st_multiplier"": 3.0}",0.6877610931100846,-0.545666664127753,22,-6.288713317625083,-17.41886794760148
supertrend::fixed,7,,,2025-07-01,2025-12-31,"{""st_period"": 20, ""st_multiplier"": 3.0}",1.1030472783614398,0.0801771876418167,20,8.994740703292003,-10.08877558176855
st-adx::fixed,0,,,2022-01-01,2022-06-30,"{""st_period"": 10, ""st_multiplier"": 3.5, ""st_adx_min"": 20}",1.0116898923659654,-0.13608891283151126,13,-2.151906719433372,-9.186223223854373
st-adx::fixed,1,,,2022-07-01,2022-12-31,"{""st_period"": 10, ""st_multiplier"": 3.5, ""st_adx_min"": 20}",1.2227751168855596,0.26996643123671227,12,6.449615055315183,-7.064775402230206
st-adx::fixed,2,,,2023-01-01,2023-06-30,"{""st_period"": 10, ""st_multiplier"": 3.5, ""st_adx_min"": 20}",1.2802268996551132,0.2919022703112395,9,-0.5419940805849732,-9.206617093300551
st-adx::fixed,3,,,2023-07-01,2023-12-31,"{""st_period"": 10, ""st_multiplier"": 3.5, ""st_adx_min"": 20}",0.23371019408511165,-1.1762721713901136,12,-13.382356765859404,-16.04098689204305
st-adx::fixed,4,,,2024-01-01,2024-06-30,"{""st_period"": 10, ""st_multiplier"": 3.5, ""st_adx_min"": 20}",0.2653735719630709,-1.7378373785117973,12,-15.614046173969987,-18.468587165142793
st-adx::fixed,5,,,2024-07-01,2024-12-31,"{""st_period"": 10, ""st_multiplier"": 3.5, ""st_adx_min"": 20}",2.1441464108573984,1.46852994877813,18,33.454345554717776,-7.546837029758269
st-adx::fixed,6,,,2025-01-01,2025-06-30,"{""st_period"": 10, ""st_multiplier"": 3.5, ""st_adx_min"": 20}",0.13716674545435317,-1.7513941338039851,12,-13.396620316361451,-19.64611278354128
st-adx::fixed,7,,,2025-07-01,2025-12-31,"{""st_period"": 10, ""st_multiplier"": 3.5, ""st_adx_min"": 20}",1.012230366966267,-0.03015532866456061,12,3.941234479244904,-9.989963773513988
st-donchexit::fixed,0,,,2022-01-01,2022-06-30,"{""st_period"": 10, ""st_multiplier"": 2.5, ""st_donch_period"": 20}",2.3788762610395615,2.0414502094338927,23,34.62703768579409,-11.591117189332167
st-donchexit::fixed,1,,,2022-07-01,2022-12-31,"{""st_period"": 10, ""st_multiplier"": 2.5, ""st_donch_period"": 20}",0.15986942466332996,-1.4653252192677213,26,-26.559265870298532,-28.12562765770431
st-donchexit::fixed,2,,,2023-01-01,2023-06-30,"{""st_period"": 10, ""st_multiplier"": 2.5, ""st_donch_period"": 20}",1.7279120976375375,0.8804829571606554,22,14.686882832436222,-18.38647089130683
st-donchexit::fixed,3,,,2023-07-01,2023-12-31,"{""st_period"": 10, ""st_multiplier"": 2.5, ""st_donch_period"": 20}",1.0946294663185014,-0.0060389733563148695,27,25.08678095394803,-24.84117875940641
st-donchexit::fixed,4,,,2024-01-01,2024-06-30,"{""st_period"": 10, ""st_multiplier"": 2.5, ""st_donch_period"": 20}",1.9391524548412251,0.9754701854865377,18,26.098940269667192,-25.25982391717442
st-donchexit::fixed,5,,,2024-07-01,2024-12-31,"{""st_period"": 10, ""st_multiplier"": 2.5, ""st_donch_period"": 20}",1.8338048312765727,1.1062281909946403,22,23.966013464164384,-10.25102236457175
st-donchexit::fixed,6,,,2025-01-01,2025-06-30,"{""st_period"": 10, ""st_multiplier"": 2.5, ""st_donch_period"": 20}",0.5953966749624535,-0.7175073063665716,25,-9.043343402876891,-26.138919042821318
st-donchexit::fixed,7,,,2025-07-01,2025-12-31,"{""st_period"": 10, ""st_multiplier"": 2.5, ""st_donch_period"": 20}",0.46454229984198286,-0.8528737111655138,27,-20.418456902957736,-22.31450517609258
st-adx-donchexit::fixed,0,,,2022-01-01,2022-06-30,"{""st_period"": 10, ""st_multiplier"": 2.5, ""st_adx_min"": 25, ""st_donch_period"": 20}",0.949668255920545,-0.27212547885365757,12,-1.7829962668226118,-9.091448822145242
st-adx-donchexit::fixed,1,,,2022-07-01,2022-12-31,"{""st_period"": 10, ""st_multiplier"": 2.5, ""st_adx_min"": 25, ""st_donch_period"": 20}",4.2808675587587155,2.6164726553037587,8,25.10761437900022,-9.044313082832566
st-adx-donchexit::fixed,2,,,2023-01-01,2023-06-30,"{""st_period"": 10, ""st_multiplier"": 2.5, ""st_adx_min"": 25, ""st_donch_period"": 20}",2.2142358824462915,1.520602246060787,10,10.933276863906816,-15.365847528126508
st-adx-donchexit::fixed,3,,,2023-07-01,2023-12-31,"{""st_period"": 10, ""st_multiplier"": 2.5, ""st_adx_min"": 25, ""st_donch_period"": 20}",0.2603395268007633,-1.0847786507602764,11,-10.252399641521482,-15.951523967859782
st-adx-donchexit::fixed,4,,,2024-01-01,2024-06-30,"{""st_period"": 10, ""st_multiplier"": 2.5, ""st_adx_min"": 25, ""st_donch_period"": 20}",0.0771689114761933,-2.218731660146034,9,-12.425516654500857,-14.80113915898068
st-adx-donchexit::fixed,5,,,2024-07-01,2024-12-31,"{""st_period"": 10, ""st_multiplier"": 2.5, ""st_adx_min"": 25, ""st_donch_period"": 20}",1.9295783784964131,1.0560466229363907,9,12.177083017243095,-6.462711191517512
st-adx-donchexit::fixed,6,,,2025-01-01,2025-06-30,"{""st_period"": 10, ""st_multiplier"": 2.5, ""st_adx_min"": 25, ""st_donch_period"": 20}",0.29588644059785796,-1.3869526817430922,11,-8.921348737195878,-18.38223302453231
st-adx-donchexit::fixed,7,,,2025-07-01,2025-12-31,"{""st_period"": 10, ""st_multiplier"": 2.5, ""st_adx_min"": 25, ""st_donch_period"": 20}",1.234715888996085,0.24774275060976958,10,9.483451003163568,-7.952048538595379
st-donchexit::long::fixed,0,,,2022-01-01,2022-06-30,"{""st_period"": 10, ""st_multiplier"": 2.5, ""st_donch_period"": 20, ""_st_long_only"": true}",0.7936342822645098,-0.5174083512902272,16,-9.017800796486974,-15.72967062190621
st-donchexit::long::fixed,1,,,2022-07-01,2022-12-31,"{""st_period"": 10, ""st_multiplier"": 2.5, ""st_donch_period"": 20, ""_st_long_only"": true}",0.500332803969891,-0.7734275838647164,17,-12.607256235127885,-19.422192788532854
st-donchexit::long::fixed,2,,,2023-01-01,2023-06-30,"{""st_period"": 10, ""st_multiplier"": 2.5, ""st_donch_period"": 20, ""_st_long_only"": true}",2.4883924577970964,1.862460623601958,14,22.19772356841412,-18.572968052705264
st-donchexit::long::fixed,3,,,2023-07-01,2023-12-31,"{""st_period"": 10, ""st_multiplier"": 2.5, ""st_donch_period"": 20, ""_st_long_only"": true}",1.3472820235808962,0.27442629571017285,17,16.017751271008063,-16.059899832268986
st-donchexit::long::fixed,4,,,2024-01-01,2024-06-30,"{""st_period"": 10, ""st_multiplier"": 2.5, ""st_donch_period"": 20, ""_st_long_only"": true}",1.9373535551133974,0.9693575052911241,15,21.56449231312112,-22.558092097594983
st-donchexit::long::fixed,5,,,2024-07-01,2024-12-31,"{""st_period"": 10, ""st_multiplier"": 2.5, ""st_donch_period"": 20, ""_st_long_only"": true}",2.1184011018330984,1.4961707413263303,15,16.57451210606027,-12.838628268306651
st-donchexit::long::fixed,6,,,2025-01-01,2025-06-30,"{""st_period"": 10, ""st_multiplier"": 2.5, ""st_donch_period"": 20, ""_st_long_only"": true}",0.8179899865127642,-0.38990302823631584,17,2.5691868619774905,-19.890890635494895
st-donchexit::long::fixed,7,,,2025-07-01,2025-12-31,"{""st_period"": 10, ""st_multiplier"": 2.5, ""st_donch_period"": 20, ""_st_long_only"": true}",0.40133814594669315,-0.9921426885902362,16,-11.60654692615164,-18.089003024953854
